run_id,model,arch,curriculum,noise,profile,eval_set,steps,train_seconds,n_parameters,track_a_nrmse,track_a_r2,track_a_mae,track_b_nrmse,track_b_r2,track_b_mae,track_a_nrmse_fixed,track_b_nrmse_fixed,final_physics_loss
cl_lstm_sigma0p00,cl_lstm,lstm,hierarchical,0.0,full,train,20000,141.66480090000005,222022,0.13784785300122226,0.39757828936694883,2.008978231380557,0.26942584934843194,-0.666284073624215,19.89935499849165,0.13784785300122226,0.26942584934843194,0.0
cl_lstm_sigma0p00,cl_lstm,lstm,hierarchical,0.0,full,holdout,20000,141.66480090000005,222022,0.13101696932304566,0.5483997710134965,1.5517658657521682,0.3840857072110481,-1.9699850344564747,24.69601586264217,0.11472568398430466,0.25183583021561434,0.0
cl_lstm_sigma0p00,cl_lstm,lstm,hierarchical,0.0,full,rain,20000,141.66480090000005,222022,0.14944003198908812,0.39902532440569943,2.0277643126742624,0.2558435292790123,-0.5651956606342076,24.41589348257942,0.15570312464793598,0.38942719833877,0.0
cl_lstm_sigma0p05,cl_lstm,lstm,hierarchical,0.05,full,train,20000,135.9486493000004,222022,0.145885951173114,0.39932219937049024,2.0469194191997366,0.2940740898298799,-1.1317892265019278,23.767070521429783,0.145885951173114,0.2940740898298799,0.0
cl_lstm_sigma0p05,cl_lstm,lstm,hierarchical,0.05,full,holdout,20000,135.9486493000004,222022,0.1382206875882708,0.551843990754275,1.6001876530384154,0.4181192747803167,-2.7921865799594814,29.16443133488955,0.12200982423382367,0.2714008344368694,0.0
cl_lstm_sigma0p05,cl_lstm,lstm,hierarchical,0.05,full,rain,20000,135.9486493000004,222022,0.15488765766048082,0.38927717071557316,2.0701858547932748,0.2556267692459499,-0.556063985033031,26.8654148206277,0.16119921973449172,0.39318105354974936,0.0
cl_lstm_sigma0p10,cl_lstm,lstm,hierarchical,0.1,full,train,20000,140.31429280000066,222022,0.15513485339946384,0.38779065822908915,2.1068458848967277,0.35691240447697753,-3.061581252056537,28.277314162890175,0.15513485339946384,0.35691240447697753,0.0
cl_lstm_sigma0p10,cl_lstm,lstm,hierarchical,0.1,full,holdout,20000,140.31429280000066,222022,0.14771472836566077,0.5367409555612798,1.6569512624990408,0.5260240425503422,-6.514703379102664,33.91729110614524,0.13126113804476894,0.3307900335346441,0.0
cl_lstm_sigma0p10,cl_lstm,lstm,hierarchical,0.1,full,rain,20000,140.31429280000066,222022,0.16017323284771948,0.37442213908944133,2.1218184685417922,0.28299935742790594,-1.057991921782043,31.467616411886073,0.16676706455743717,0.4436494898718365,0.0
cl_lstm_sigma0p15,cl_lstm,lstm,hierarchical,0.15,full,train,20000,137.63120249999974,222022,0.15792012412406822,0.36959201704806305,2.1639580783199475,0.3937382494173887,-4.341218001941923,30.038243986329743,0.15792012412406822,0.3937382494173887,0.0
cl_lstm_sigma0p15,cl_lstm,lstm,hierarchical,0.15,full,holdout,20000,137.63120249999974,222022,0.1547997635661563,0.5076290042801452,1.7413948839408542,0.6012033901191101,-9.555551622789915,37.040698236148245,0.1371138171717425,0.3743847230868924,0.0
cl_lstm_sigma0p15,cl_lstm,lstm,hierarchical,0.15,full,rain,20000,137.63120249999974,222022,0.1629740335607256,0.34998967201403697,2.1916161626850985,0.3107137397777801,-1.5671575516151497,33.57970668189884,0.17051625497288259,0.4820683431991601,0.0
cl_pinn_sigma0p00,cl_pinn,pinn,hierarchical,0.0,full,train,20000,536.2787336000001,78790,0.02451311247986643,0.9861890132590881,0.3503946952839669,0.14177812885441582,0.19028126124249303,22.731540319517574,0.02451311247986643,0.14177812885441582,0.00926297064870596
cl_pinn_sigma0p00,cl_pinn,pinn,hierarchical,0.0,full,holdout,20000,536.2787336000001,78790,0.03721307819906736,0.9747779029611384,0.43465649911426324,0.22019860348861264,-0.45890715748170635,21.7964860680271,0.03300195704637903,0.13905938068297982,0.00926297064870596
cl_pinn_sigma0p00,cl_pinn,pinn,hierarchical,0.0,full,rain,20000,536.2787336000001,78790,0.06849013945032022,0.9003074695168799,0.6547493315932261,0.181612450959041,-0.14897140884661192,30.177160975226688,0.0716819325683755,0.32442350963815264,0.00926297064870596
cl_pinn_sigma0p05,cl_pinn,pinn,hierarchical,0.05,full,train,20000,513.6092740999998,78790,0.024909993249735123,0.9863613332858646,0.343542557597952,0.12800562656202627,0.29674414764703216,19.57333840851783,0.024909993249735123,0.12800562656202627,0.14159411191940308
cl_pinn_sigma0p05,cl_pinn,pinn,hierarchical,0.05,full,holdout,20000,513.6092740999998,78790,0.05711066567123063,0.946789356363355,0.5786754224616427,0.2002764105784607,-0.16958052132799487,18.58941940524356,0.051430559440118644,0.12660926077866305,0.14159411191940308
cl_pinn_sigma0p05,cl_pinn,pinn,hierarchical,0.05,full,rain,20000,513.6092740999998,78790,0.06772813869959175,0.9023290839669277,0.672779083566052,0.1615817352573243,0.09282396026072187,26.393347671160594,0.07085731165598598,0.2871453801226603,0.14159411191940308
cl_pinn_sigma0p10,cl_pinn,pinn,hierarchical,0.1,full,train,20000,541.7770048000002,78790,0.028862148682600678,0.9823337926243707,0.38598435026601924,0.18609400657344025,-0.9734114200501689,25.83229825043895,0.028862148682600678,0.18609400657344025,0.31553348898887634
cl_pinn_sigma0p10,cl_pinn,pinn,hierarchical,0.1,full,holdout,20000,541.7770048000002,78790,0.05190893962499854,0.9549589565762163,0.5262441548201625,0.3102513907064718,-3.076224672488176,26.49723636442211,0.046639267458898265,0.19621729787333966,0.31553348898887634
cl_pinn_sigma0p10,cl_pinn,pinn,hierarchical,0.1,full,rain,20000,541.7770048000002,78790,0.07157501533544443,0.8894581618643823,0.6892232506473649,0.1802764439221915,-0.2602969362007185,30.848986927111376,0.07472431428772248,0.3209926873400277,0.31553348898887634
cl_pinn_sigma0p15,cl_pinn,pinn,hierarchical,0.15,full,train,20000,506.19496160000017,78790,0.03282472862739155,0.97867167048577,0.42072961889276445,0.1915704560832882,-0.8100372170820459,25.408141136419033,0.03282472862739155,0.1915704560832882,0.41071879863739014
cl_pinn_sigma0p15,cl_pinn,pinn,hierarchical,0.15,full,holdout,20000,506.19496160000017,78790,0.047702431733908555,0.9624296060210575,0.4784508786687749,0.30007413252514037,-2.3584380260762674,23.85866591253732,0.04267747450092168,0.19033762204863836,0.41071879863739014
cl_pinn_sigma0p15,cl_pinn,pinn,hierarchical,0.15,full,rain,20000,506.19496160000017,78790,0.06579702614362995,0.9101220927285264,0.6899809528193689,0.18500100541719158,-0.22055586234771007,31.95586718313889,0.06922753652467828,0.32537205228430593,0.41071879863739014
lstm_sigma0p00,lstm,lstm,none,0.0,full,train,20000,187.27780330000041,222022,0.14386529319589722,0.3839780101773386,2.0496929487323716,0.2787151472905671,-0.820182147027128,21.892783480582594,0.14386529319589722,0.2787151472905671,0.0
lstm_sigma0p00,lstm,lstm,none,0.0,full,holdout,20000,187.27780330000041,222022,0.13866404329256216,0.5270874733033041,1.7029296534452996,0.3830674673863715,-2.054755278643555,27.17721499171804,0.12233933700022671,0.24882619622826443,0.0
lstm_sigma0p00,lstm,lstm,none,0.0,full,rain,20000,187.27780330000041,222022,0.15266798294538206,0.387392092869071,2.0609730926160266,0.2556595238945633,-0.564070333915608,25.8936653762869,0.1583702230577224,0.3960008771023844,0.0
lstm_sigma0p05,lstm,lstm,none,0.05,full,train,20000,187.35567600000013,222022,0.1485500222469907,0.38335580508980455,2.0751343230423553,0.3192250061447584,-1.5332631347077728,26.96818629636048,0.1485500222469907,0.3192250061447584,0.0
lstm_sigma0p05,lstm,lstm,none,0.05,full,holdout,20000,187.35567600000013,222022,0.14195531803267666,0.5309920125785944,1.6504589901896738,0.4593158841676052,-3.829477616210542,33.06527311793375,0.12543016605126756,0.2979528541024943,0.0
lstm_sigma0p05,lstm,lstm,none,0.05,full,rain,20000,187.35567600000013,222022,0.15491565992479342,0.3756563148497656,2.099488655725732,0.2660793180091193,-0.7030591561992577,30.193070081763604,0.1606223714461494,0.4142207038327157,0.0
lstm_sigma0p10,lstm,lstm,none,0.1,full,train,20000,187.65720859999965,222022,0.15364868654299227,0.3796069620054925,2.1162802339187654,0.439068257655936,-5.422292344573649,36.417366203472405,0.15364868654299227,0.439068257655936,0.0
lstm_sigma0p10,lstm,lstm,none,0.1,full,holdout,20000,187.65720859999965,222022,0.1641925455153717,0.4567548100150754,1.8415522010589014,0.6316500013031544,-10.334054070604564,40.23834627802515,0.14560265447147355,0.4027674273358354,0.0
lstm_sigma0p10,lstm,lstm,none,0.1,full,rain,20000,187.65720859999965,222022,0.1567376232288479,0.37450511069213294,2.1199217516544917,0.32007763395452915,-1.8471532972876277,38.21948894744243,0.16298764278453134,0.505327295950165,0.0
lstm_sigma0p15,lstm,lstm,none,0.15,full,train,20000,188.0353298,222022,0.15932517207271066,0.37030396632721924,2.164282619579844,0.4527236365124162,-6.571407667530298,34.92002351994582,0.15932517207271066,0.4527236365124162,0.0
lstm_sigma0p15,lstm,lstm,none,0.15,full,holdout,20000,188.0353298,222022,0.1741097735141719,0.4313714432125291,1.9042853713588814,0.7167981944343474,-13.92039979640161,42.81499307354969,0.15517670238698514,0.4459325456601556,0.0
lstm_sigma0p15,lstm,lstm,none,0.15,full,rain,20000,188.0353298,222022,0.16380914351231632,0.35556189335488675,2.171267759170927,0.33409744884233555,-2.1646068120002764,37.98673644493243,0.17135934136539166,0.5260769031985061,0.0
odesim_sigma0p00,ode_openloop,analytic,none,0.0,full,train,0,68.64268439999432,0,0.00028061468022368195,0.9999985420553328,0.0027887091757211806,0.0006247685667998674,0.9999892027152665,0.03139147399402051,0.00028061468022368195,0.0006247685667998674,
odesim_sigma0p00,ode_openloop,analytic,none,0.0,full,holdout,0,68.64268439999432,0,0.0005186384774181277,0.9999950379652157,0.0057453075400970355,0.0016799503533796568,0.9999322670325156,0.054841997502954175,0.00047350993493414876,0.0010654089734562786,
odesim_sigma0p00,ode_openloop,analytic,none,0.0,full,rain,0,68.64268439999432,0,0.00029449913567310273,0.9999982000560476,0.003021949370036983,0.0004248548322299586,0.9999948097714914,0.03280035963895615,0.0003095502972088635,0.0006561975413146726,
odesim_sigma0p05,ode_openloop,analytic,none,0.05,full,train,0,68.64268439999432,0,0.00028061468022368195,0.9999985420553328,0.0027887091757211806,0.0006247685667998674,0.9999892027152665,0.03139147399402051,0.00028061468022368195,0.0006247685667998674,
odesim_sigma0p05,ode_openloop,analytic,none,0.05,full,holdout,0,68.64268439999432,0,0.0005186384774181277,0.9999950379652157,0.0057453075400970355,0.0016799503533796568,0.9999322670325156,0.054841997502954175,0.00047350993493414876,0.0010654089734562786,
odesim_sigma0p05,ode_openloop,analytic,none,0.05,full,rain,0,68.64268439999432,0,0.00029449913567310273,0.9999982000560476,0.003021949370036983,0.0004248548322299586,0.9999948097714914,0.03280035963895615,0.0003095502972088635,0.0006561975413146726,
odesim_sigma0p10,ode_openloop,analytic,none,0.1,full,train,0,68.64268439999432,0,0.00028061468022368195,0.9999985420553328,0.0027887091757211806,0.0006247685667998674,0.9999892027152665,0.03139147399402051,0.00028061468022368195,0.0006247685667998674,
odesim_sigma0p10,ode_openloop,analytic,none,0.1,full,holdout,0,68.64268439999432,0,0.0005186384774181277,0.9999950379652157,0.0057453075400970355,0.0016799503533796568,0.9999322670325156,0.054841997502954175,0.00047350993493414876,0.0010654089734562786,
odesim_sigma0p10,ode_openloop,analytic,none,0.1,full,rain,0,68.64268439999432,0,0.00029449913567310273,0.9999982000560476,0.003021949370036983,0.0004248548322299586,0.9999948097714914,0.03280035963895615,0.0003095502972088635,0.0006561975413146726,
odesim_sigma0p15,ode_openloop,analytic,none,0.15,full,train,0,68.64268439999432,0,0.00028061468022368195,0.9999985420553328,0.0027887091757211806,0.0006247685667998674,0.9999892027152665,0.03139147399402051,0.00028061468022368195,0.0006247685667998674,
odesim_sigma0p15,ode_openloop,analytic,none,0.15,full,holdout,0,68.64268439999432,0,0.0005186384774181277,0.9999950379652157,0.0057453075400970355,0.0016799503533796568,0.9999322670325156,0.054841997502954175,0.00047350993493414876,0.0010654089734562786,
odesim_sigma0p15,ode_openloop,analytic,none,0.15,full,rain,0,68.64268439999432,0,0.00029449913567310273,0.9999982000560476,0.003021949370036983,0.0004248548322299586,0.9999948097714914,0.03280035963895615,0.0003095502972088635,0.0006561975413146726,
persistence_sigma0p00,persistence,analytic,none,0.0,full,train,0,0.0,0,0.20943785189409528,0.08147354769626351,2.803200132396658,0.25266394804301395,-0.4549671756780393,22.71348602474763,0.20943785189409528,0.25266394804301395,
persistence_sigma0p00,persistence,analytic,none,0.0,full,holdout,0,0.0,0,0.18787989572370856,0.34000545256969517,2.1335904356877955,0.3716266971814426,-1.9230454390245022,28.80936672675399,0.16862001627191836,0.2406868998147357,
persistence_sigma0p00,persistence,analytic,none,0.0,full,rain,0,0.0,0,0.1999670810443602,0.10647420171630118,2.722742055346883,0.2327529202898665,-0.2868494148649983,25.13637318592258,0.20912819940193572,0.3637821209063441,
persistence_sigma0p05,persistence,analytic,none,0.05,full,train,0,0.0,0,0.20943785189409528,0.08147354769626351,2.803200132396658,0.25266394804301395,-0.4549671756780393,22.71348602474763,0.20943785189409528,0.25266394804301395,
persistence_sigma0p05,persistence,analytic,none,0.05,full,holdout,0,0.0,0,0.18787989572370856,0.34000545256969517,2.1335904356877955,0.3716266971814426,-1.9230454390245022,28.80936672675399,0.16862001627191836,0.2406868998147357,
persistence_sigma0p05,persistence,analytic,none,0.05,full,rain,0,0.0,0,0.1999670810443602,0.10647420171630118,2.722742055346883,0.2327529202898665,-0.2868494148649983,25.13637318592258,0.20912819940193572,0.3637821209063441,
persistence_sigma0p10,persistence,analytic,none,0.1,full,train,0,0.0,0,0.20943785189409528,0.08147354769626351,2.803200132396658,0.25266394804301395,-0.4549671756780393,22.71348602474763,0.20943785189409528,0.25266394804301395,
persistence_sigma0p10,persistence,analytic,none,0.1,full,holdout,0,0.0,0,0.18787989572370856,0.34000545256969517,2.1335904356877955,0.3716266971814426,-1.9230454390245022,28.80936672675399,0.16862001627191836,0.2406868998147357,
persistence_sigma0p10,persistence,analytic,none,0.1,full,rain,0,0.0,0,0.1999670810443602,0.10647420171630118,2.722742055346883,0.2327529202898665,-0.2868494148649983,25.13637318592258,0.20912819940193572,0.3637821209063441,
persistence_sigma0p15,persistence,analytic,none,0.15,full,train,0,0.0,0,0.20943785189409528,0.08147354769626351,2.803200132396658,0.25266394804301395,-0.4549671756780393,22.71348602474763,0.20943785189409528,0.25266394804301395,
persistence_sigma0p15,persistence,analytic,none,0.15,full,holdout,0,0.0,0,0.18787989572370856,0.34000545256969517,2.1335904356877955,0.3716266971814426,-1.9230454390245022,28.80936672675399,0.16862001627191836,0.2406868998147357,
persistence_sigma0p15,persistence,analytic,none,0.15,full,rain,0,0.0,0,0.1999670810443602,0.10647420171630118,2.722742055346883,0.2327529202898665,-0.2868494148649983,25.13637318592258,0.20912819940193572,0.3637821209063441,
pinn_sigma0p00,pinn,pinn,none,0.0,full,train,20000,509.4703158000002,78790,0.0371479223773584,0.9732645644521961,0.4690682667945753,0.45458180658824504,-9.295420527103209,88.45218944664002,0.0371479223773584,0.45458180658824504,0.007412939332425594
pinn_sigma0p00,pinn,pinn,none,0.0,full,holdout,20000,509.4703158000002,78790,0.04487794538069243,0.964100592675741,0.5266109549051098,0.7971639666538001,-22.568186736264707,96.68933202555691,0.04031050133459272,0.4940498367197393,0.007412939332425594
pinn_sigma0p00,pinn,pinn,none,0.0,full,rain,20000,509.4703158000002,78790,0.08571000028024006,0.8332530278560769,0.8225254001275242,0.34744858293298725,-4.520760594771656,91.9495508826395,0.08910852562148348,0.5896357257187582,0.007412939332425594
pinn_sigma0p05,pinn,pinn,none,0.05,full,train,20000,625.7700556,78790,0.040168573075710874,0.9689716935549596,0.49921667465060976,0.43604716670473315,-10.33915057631486,79.6014643107523,0.040168573075710874,0.43604716670473315,0.13350486755371094
pinn_sigma0p05,pinn,pinn,none,0.05,full,holdout,20000,625.7700556,78790,0.050033831134072705,0.9538535991008956,0.5948407445041438,0.7496798225015762,-22.66596403529743,87.20513475897185,0.04506448809928273,0.46337085203479855,0.13350486755371094
pinn_sigma0p05,pinn,pinn,none,0.05,full,rain,20000,625.7700556,78790,0.11531466011347898,0.692482772432993,0.8414241218091472,0.31946444193841056,-4.4562163832147625,80.6927408426179,0.12127339119934548,0.5400824462846988,0.13350486755371094
pinn_sigma0p10,pinn,pinn,none,0.1,full,train,20000,572.8729683000001,78790,0.040449752851905135,0.9698625286953916,0.4665671626742567,0.3611295402079477,-5.006844685801647,51.32437653843713,0.040449752851905135,0.3611295402079477,0.31364014744758606
pinn_sigma0p10,pinn,pinn,none,0.1,full,holdout,20000,572.8729683000001,78790,0.04178186751106613,0.9702906490464164,0.47412719685790666,0.5200117562726937,-9.592045037723928,47.41599634128202,0.037526204130816185,0.330500307539559,0.31364014744758606
pinn_sigma0p10,pinn,pinn,none,0.1,full,rain,20000,572.8729683000001,78790,0.06239984551264699,0.9206888338253805,0.6684432012464945,0.273700789811816,-1.844217613684335,56.57257291565057,0.06585672282730473,0.4636203781894674,0.31364014744758606
pinn_sigma0p15,pinn,pinn,none,0.15,full,train,20000,521.6797666000002,78790,0.04936549534987201,0.954911542357694,0.5827218436835474,0.3952248414818229,-5.752297462476398,55.357210360744716,0.04936549534987201,0.3952248414818229,0.33624953031539917
pinn_sigma0p15,pinn,pinn,none,0.15,full,holdout,20000,521.6797666000002,78790,0.05471929579357534,0.946731893599346,0.6508826613077349,0.5867209819320552,-12.241647341838796,55.999265831001246,0.049184005419984696,0.37828589055176337,0.33624953031539917
pinn_sigma0p15,pinn,pinn,none,0.15,full,rain,20000,521.6797666000002,78790,0.07565939627265371,0.8817783297478413,0.8151593901251317,0.29781481107475566,-2.213424771187232,62.834741904290134,0.07959820106610956,0.4990241868602201,0.33624953031539917
